remarques,source,sujet,prédicat_Anne,prédicats_rdf,prédicats_Wikidata,cat_Anne,Catégories,objet,Complément,De (date),À (date),Column2,Column3,Column4,Co-auteur(s),Compléments,Remarques,lien
,Fichier producteur EAC,Henry Carton de Wiart,lié à,http://purl.org/vocab/relationship/acquaintanceOf,lié à,relations,RELATIONS,Famille Verhaegen,,,,,,,,,,https://search.arch.be/fr/producteurs-darchives/resultats/?text=eac-BE-A0500_007556&inLanguageCode=FRE&view=eac&format=xml
,Fichier producteur EAC,Henry Carton de Wiart,est,est,https://www.wikidata.org/wiki/Property:P97,titres honorifiques,TITRES HONORIFIQUES,noble,,,,,,,,,,https://search.arch.be/fr/producteurs-darchives/resultats/?text=eac-BE-A0500_007556&inLanguageCode=FRE&view=eac&format=xml
,Fichier producteur EAC,Henry Carton de Wiart,est,est,https://www.wikidata.org/wiki/Property:P140,infos de base,infos de base,catholique,,,,,,,,,,https://search.arch.be/fr/producteurs-darchives/resultats/?text=eac-BE-A0500_007556&inLanguageCode=FRE&view=eac&format=xml
,Fichier producteur EAC,Henry Carton de Wiart,a étudié à,a étudié à,https://www.wikidata.org/wiki/Property:P69,études/profession,LOCALISATION,collège d'Alost,,,,,,,,,,https://search.arch.be/fr/producteurs-darchives/resultats/?text=eac-BE-A0500_007556&inLanguageCode=FRE&view=eac&format=xml
,Fichier producteur EAC,Henry Carton de Wiart,a étudié à,a étudié à,https://www.wikidata.org/wiki/Property:P69,études/profession,LOCALISATION,collège Saint-Michel à Bruxelles,,,,,,,,,,https://search.arch.be/fr/producteurs-darchives/resultats/?text=eac-BE-A0500_007556&inLanguageCode=FRE&view=eac&format=xml
,Fichier producteur EAC,Henry Carton de Wiart,a étudié à,a étudié à,https://www.wikidata.org/wiki/Property:P69,études/profession,LOCALISATION,Université libre de Bruxelles,,,,,,,,,,https://search.arch.be/fr/producteurs-darchives/resultats/?text=eac-BE-A0500_007556&inLanguageCode=FRE&view=eac&format=xml
,Fichier producteur EAC,Henry Carton de Wiart,a étudié,a étudié,https://www.wikidata.org/wiki/Property:P812,études/profession,études/profession,droit,,,,,,,,,,https://search.arch.be/fr/producteurs-darchives/resultats/?text=eac-BE-A0500_007556&inLanguageCode=FRE&view=eac&format=xml
,Fichier producteur EAC,Henry Carton de Wiart,degré académique,est,https://www.wikidata.org/wiki/Property:P512,études/profession,études/profession,docteur en droit,,1890,,,,,,,,https://search.arch.be/fr/producteurs-darchives/resultats/?text=eac-BE-A0500_007556&inLanguageCode=FRE&view=eac&format=xml
,Fichier producteur EAC,Henry Carton de Wiart,a étudié à,a étudié à,a étudié à,études/profession,LOCALISATION,Paris,,,,,,,,,,https://search.arch.be/fr/producteurs-darchives/resultats/?text=eac-BE-A0500_007556&inLanguageCode=FRE&view=eac&format=xml
,Fichier producteur EAC,Henry Carton de Wiart,a étudié à,a étudié à,a étudié à,études/profession,LOCALISATION,Bonn,,,,,,,,,,https://search.arch.be/fr/producteurs-darchives/resultats/?text=eac-BE-A0500_007556&inLanguageCode=FRE&view=eac&format=xml
,Fichier producteur EAC,Henry Carton de Wiart,profession,est,https://www.wikidata.org/wiki/Property:P106,études/profession,études/profession,avocat,,,,,,,,,,https://search.arch.be/fr/producteurs-darchives/resultats/?text=eac-BE-A0500_007556&inLanguageCode=FRE&view=eac&format=xml
,Fichier producteur EAC,Henry Carton de Wiart,créateur,http://schema.org/creator,https://www.wikidata.org/wiki/Property:P170,créateur,PRODUCTION,Jeune Droite,courant politique / action inspirée du catholicisme social,,,,,,,,,https://search.arch.be/fr/producteurs-darchives/resultats/?text=eac-BE-A0500_007556&inLanguageCode=FRE&view=eac&format=xml
,Fichier producteur EAC,Henry Carton de Wiart,créateur,http://schema.org/creator,https://www.wikidata.org/wiki/Property:P170,créateur,PRODUCTION,L'Avenir Social,"journal hebdomadaire, rebaptisé ensuite 'La Justice Sociale'",,,,,,,,,https://search.arch.be/fr/producteurs-darchives/resultats/?text=eac-BE-A0500_007556&inLanguageCode=FRE&view=eac&format=xml
,Fichier producteur EAC,Henry Carton de Wiart,fonction politique,fonction politique,https://www.wikidata.org/wiki/Property:P39,politique,politique,conseiller communal de St-Gilles,,1895,,,,,,,,https://search.arch.be/fr/producteurs-darchives/resultats/?text=eac-BE-A0500_007556&inLanguageCode=FRE&view=eac&format=xml
,Fichier producteur EAC,Henry Carton de Wiart,fonction politique,fonction politique,https://www.wikidata.org/wiki/Property:P39,politique,politique,représentant à la Chambre,,1896,1951,,,,,,,https://search.arch.be/fr/producteurs-darchives/resultats/?text=eac-BE-A0500_007556&inLanguageCode=FRE&view=eac&format=xml
,Fichier producteur EAC,Henry Carton de Wiart,fonction politique,fonction politique,https://www.wikidata.org/wiki/Property:P39,politique,politique,ministre de la Justice,,1911,1918,,,,,,,https://search.arch.be/fr/producteurs-darchives/resultats/?text=eac-BE-A0500_007556&inLanguageCode=FRE&view=eac&format=xml
,Fichier producteur EAC,Henry Carton de Wiart,fonction politique,fonction politique,https://www.wikidata.org/wiki/Property:P39,politique,politique,Premier ministre,,,,,,,,,,https://search.arch.be/fr/producteurs-darchives/resultats/?text=eac-BE-A0500_007556&inLanguageCode=FRE&view=eac&format=xml
,Fichier producteur EAC,Henry Carton de Wiart,fonction politique,fonction politique,https://www.wikidata.org/wiki/Property:P39,politique,politique,ministre de l'intérieur,,1920,1921,,,,,,,https://search.arch.be/fr/producteurs-darchives/resultats/?text=eac-BE-A0500_007556&inLanguageCode=FRE&view=eac&format=xml
,Fichier producteur EAC,Henry Carton de Wiart,fonction politique,fonction politique,https://www.wikidata.org/wiki/Property:P39,politique,politique,ministre de la Prévoyance sociale et de l'Hygiène,,1932,1934,,,,,,,https://search.arch.be/fr/producteurs-darchives/resultats/?text=eac-BE-A0500_007556&inLanguageCode=FRE&view=eac&format=xml
,Fichier producteur EAC,Henry Carton de Wiart,fonction politique,fonction politique,https://www.wikidata.org/wiki/Property:P39,politique,politique,membre Conseil des Ministre,,1949,1950,,,,,,,https://search.arch.be/fr/producteurs-darchives/resultats/?text=eac-BE-A0500_007556&inLanguageCode=FRE&view=eac&format=xml
,Fichier producteur EAC,Henry Carton de Wiart,fonction politique,fonction politique,https://www.wikidata.org/wiki/Property:P39,politique,politique,ministre de la justice,,1950,,,,,,,,https://search.arch.be/fr/producteurs-darchives/resultats/?text=eac-BE-A0500_007556&inLanguageCode=FRE&view=eac&format=xml
,Fichier producteur EAC,Henry Carton de Wiart,créateur,http://schema.org/creator,https://www.wikidata.org/wiki/Property:P170,créateur,PRODUCTION,loi sur la protection de l'enfance,"""loi Carton de Wiart de 1912""",1912,,,,,,,,https://search.arch.be/fr/producteurs-darchives/resultats/?text=eac-BE-A0500_007556&inLanguageCode=FRE&view=eac&format=xml
,Fichier producteur EAC,Henry Carton de Wiart,époux de,époux de,https://www.wikidata.org/wiki/Property:P26,famille,FAMILLE,Juliette Verhaegen,fille du leader catholique Arthur Verhaegen,1872,1955,,,,,,,https://search.arch.be/fr/producteurs-darchives/resultats/?text=eac-BE-A0500_007556&inLanguageCode=FRE&view=eac&format=xml
! triplet : date ou partenaire ?,Fichier producteur EAC,Henry Carton de Wiart,mariage,http://schema.org/spouse,https://www.wikidata.org/wiki/Property:P26,famille,FAMILLE,21 April 1897,avec Juliette Verhaege,,,,,,,,! triplet : date ou partenaire ?,https://search.arch.be/fr/producteurs-darchives/resultats/?text=eac-BE-A0500_007556&inLanguageCode=FRE&view=eac&format=xml
,Fichier producteur EAC,Henry Carton de Wiart,titre honorifique,http://schema.org/award,https://www.wikidata.org/wiki/Property:P166,titres honorifiques,TITRES HONORIFIQUES,Ministre d'Etat,,1918,,,,,,,,https://search.arch.be/fr/producteurs-darchives/resultats/?text=eac-BE-A0500_007556&inLanguageCode=FRE&view=eac&format=xml
,Fichier producteur EAC,Henry Carton de Wiart,membre de,titre honorifique,https://www.wikidata.org/wiki/Property:P463,titres honorifiques,TITRES HONORIFIQUES,Membre de l'Académie royale de Belgique,,1925,,,,,,,,https://search.arch.be/fr/producteurs-darchives/resultats/?text=eac-BE-A0500_007556&inLanguageCode=FRE&view=eac&format=xml
,Fichier producteur EAC,Henry Carton de Wiart,profession,profession,https://www.wikidata.org/wiki/Property:P106,études/profession,études/profession,écrivain,,,,,,,,,,https://search.arch.be/fr/producteurs-darchives/resultats/?text=eac-BE-A0500_007556&inLanguageCode=FRE&view=eac&format=xml
,Fichier producteur EAC,Henry Carton de Wiart,gendre de,http://www.w3.org/2006/vcard/ns#Kin,https://www.wikidata.org/wiki/Property:P1038,famille,FAMILLE,Arthur Verhaegen,,,,,,,,,,https://search.arch.be/fr/producteurs-darchives/resultats/?text=eac-BE-A0500_007556&inLanguageCode=FRE&view=eac&format=xml
,Fichier producteur EAC,Henry Carton de Wiart,né le,né le,https://www.wikidata.org/prop/direct/P569,infos de base,DATES,31/01/1869,,,,,,,,,,https://search.arch.be/fr/producteurs-darchives/resultats/?text=eac-BE-A0500_007556&inLanguageCode=FRE&view=eac&format=xml
,Fichier producteur EAC,Henry Carton de Wiart,né à,http://dbpedia.org/ontology/birthPlace,https://www.wikidata.org/wiki/Property:P19,infos de base,LOCALISATION,Bruxelles,,,,,,,,,,https://search.arch.be/fr/producteurs-darchives/resultats/?text=eac-BE-A0500_007556&inLanguageCode=FRE&view=eac&format=xml
,Fichier producteur EAC,Henry Carton de Wiart,mort le,http://dbpedia.org/ontology/deathDate,https://www.wikidata.org/prop/direct/P570,infos de base,DATES,1951-05-06T00:00:00Z,,,,,,,,,,https://search.arch.be/fr/producteurs-darchives/resultats/?text=eac-BE-A0500_007556&inLanguageCode=FRE&view=eac&format=xml
!,Fichier producteur EAC,Henry Carton de Wiart,mort à,http://dbpedia.org/ontology/deathPlace,https://www.wikidata.org/prop/direct/P20,infos de base,LOCALISATION,Bruxelles,,,,,,,,,!,https://search.arch.be/fr/producteurs-darchives/resultats/?text=eac-BE-A0500_007556&inLanguageCode=FRE&view=eac&format=xml
,Fichier producteur EAC,Henry Carton de Wiart,est,schema:Person,est,infos de base,infos de base,humain,,,,,,,,,,https://search.arch.be/fr/producteurs-darchives/resultats/?text=eac-BE-A0500_007556&inLanguageCode=FRE&view=eac&format=xml
,Fichier producteur EAC,Henry Carton de Wiart,créateur,http://schema.org/creator,https://www.wikidata.org/wiki/Property:P170,créateur,PRODUCTION,Durendal,revue d'art et de littérature,1894,,,,,,,,https://search.arch.be/fr/producteurs-darchives/resultats/?text=eac-BE-A0500_007556&inLanguageCode=FRE&view=eac&format=xml
,Fichier producteur EAC,Henry Carton de Wiart,auteur,http://schema.org/contributor,https://www.wikidata.org/wiki/Property:P767,créateur,PRODUCTION,Revue Générale,collaborateur,,,,,,,,,https://search.arch.be/fr/producteurs-darchives/resultats/?text=eac-BE-A0500_007556&inLanguageCode=FRE&view=eac&format=xml
auteur/fondateur/créateur/collaborateur....,Fichier producteur EAC,Henry Carton de Wiart,auteur,http://schema.org/contributor,https://www.wikidata.org/wiki/Property:P767,créateur,PRODUCTION,Revue Catholique des Idées et des Faits,collaborateur,,,,,,,,auteur/fondateur/créateur/collaborateur....,https://search.arch.be/fr/producteurs-darchives/resultats/?text=eac-BE-A0500_007556&inLanguageCode=FRE&view=eac&format=xml
,Fichier producteur EAC,Henry Carton de Wiart,créateur,http://schema.org/creator,https://www.wikidata.org/wiki/Property:P170,créateur,PRODUCTION,"L'Action politique des démocrates-chrétiens, Bruxelles, 1895",brochures de combat,,,,,,,,,https://search.arch.be/fr/producteurs-darchives/resultats/?text=eac-BE-A0500_007556&inLanguageCode=FRE&view=eac&format=xml
,Fichier producteur EAC,Henry Carton de Wiart,créateur,http://schema.org/creator,https://www.wikidata.org/wiki/Property:P170,créateur,PRODUCTION,"Petit manuel d'études sociales et politiques pour les propagandistes, Bruxelles, 1906",brochures de combat,,,,,,,,,https://search.arch.be/fr/producteurs-darchives/resultats/?text=eac-BE-A0500_007556&inLanguageCode=FRE&view=eac&format=xml
,Fichier producteur EAC,Henry Carton de Wiart,créateur,http://schema.org/creator,https://www.wikidata.org/wiki/Property:P170,créateur,PRODUCTION,"Marguerite d'Autriche, régente des Pays-Bas, Bruxelles, 1936",travaux d'ordre historique,,,,,,,,,https://search.arch.be/fr/producteurs-darchives/resultats/?text=eac-BE-A0500_007556&inLanguageCode=FRE&view=eac&format=xml
,Fichier producteur EAC,Henry Carton de Wiart,créateur,http://schema.org/creator,https://www.wikidata.org/wiki/Property:P170,créateur,PRODUCTION,"Albert Ier, le Roi Chevalier, Paris, 1934",biographies,,,,,,,,,https://search.arch.be/fr/producteurs-darchives/resultats/?text=eac-BE-A0500_007556&inLanguageCode=FRE&view=eac&format=xml
,Fichier producteur EAC,Henry Carton de Wiart,créateur,http://schema.org/creator,https://www.wikidata.org/wiki/Property:P170,créateur,PRODUCTION,"Auguste Beernaert , Bruxelles, 1939",biographies,,,,,,,,,https://search.arch.be/fr/producteurs-darchives/resultats/?text=eac-BE-A0500_007556&inLanguageCode=FRE&view=eac&format=xml
,Fichier producteur EAC,Henry Carton de Wiart,créateur,http://schema.org/creator,https://www.wikidata.org/wiki/Property:P170,créateur,PRODUCTION,"Le Parti libéral d'aujourd'hui. Ses contradictions. Son impuissance , Bruxelles, 1902",analyses sociales et politiques,,,,,,,,,https://search.arch.be/fr/producteurs-darchives/resultats/?text=eac-BE-A0500_007556&inLanguageCode=FRE&view=eac&format=xml
,Fichier producteur EAC,Henry Carton de Wiart,créateur,http://schema.org/creator,https://www.wikidata.org/wiki/Property:P170,créateur,PRODUCTION,Chronique de la guerre froide (1947-1949,analyses sociales et politiques,,,,,,,,,https://search.arch.be/fr/producteurs-darchives/resultats/?text=eac-BE-A0500_007556&inLanguageCode=FRE&view=eac&format=xml
,Fichier producteur EAC,Henry Carton de Wiart,créateur,http://schema.org/creator,https://www.wikidata.org/wiki/Property:P170,créateur,PRODUCTION,"Mes vacances au Congo , Bruxelles, 1923",récits de voyages,,,,,,,,,https://search.arch.be/fr/producteurs-darchives/resultats/?text=eac-BE-A0500_007556&inLanguageCode=FRE&view=eac&format=xml
,Fichier producteur EAC,Henry Carton de Wiart,créateur,http://schema.org/creator,https://www.wikidata.org/wiki/Property:P170,créateur,PRODUCTION,"Contes hétéroclites , Gand, 1892",contes,,,,,,,,,https://search.arch.be/fr/producteurs-darchives/resultats/?text=eac-BE-A0500_007556&inLanguageCode=FRE&view=eac&format=xml
,Fichier producteur EAC,Henry Carton de Wiart,créateur,http://schema.org/creator,https://www.wikidata.org/wiki/Property:P170,créateur,PRODUCTION,"Les vertus bourgeoises , Paris, 1910",romans,,,,,,,,,https://search.arch.be/fr/producteurs-darchives/resultats/?text=eac-BE-A0500_007556&inLanguageCode=FRE&view=eac&format=xml
,Fichier producteur EAC,Henry Carton de Wiart,créateur,http://schema.org/creator,https://www.wikidata.org/wiki/Property:P170,créateur,PRODUCTION,"Les Cariatides. Bruxelles, 1942",roman historique  [saisi par l'occupant],,,,,,,,,https://search.arch.be/fr/producteurs-darchives/resultats/?text=eac-BE-A0500_007556&inLanguageCode=FRE&view=eac&format=xml
,Fichier producteur EAC,Henry Carton de Wiart,créateur,http://schema.org/creator,https://www.wikidata.org/wiki/Property:P170,créateur,PRODUCTION,"Souvenirs politiques (1948, 1981)",mémoires,,,,,,,,,https://search.arch.be/fr/producteurs-darchives/resultats/?text=eac-BE-A0500_007556&inLanguageCode=FRE&view=eac&format=xml
,Fichier producteur EAC,Henry Carton de Wiart,titre honorifique,http://schema.org/award,https://www.wikidata.org/wiki/Property:P166,titres honorifiques,TITRES HONORIFIQUES,prix quinquennal Carton de Wiart pour oeuvres historiques littéraires,"par arrêté royal du 15 octobre 1913, complété par Arrêté royal du 14 mai 1925",,,,,,,,,https://search.arch.be/fr/producteurs-darchives/resultats/?text=eac-BE-A0500_007556&inLanguageCode=FRE&view=eac&format=xml
description des fonds,Fichier producteur EAC,Henry Carton de Wiart,père de,http://dbpedia.org/ontology/child,https://www.wikidata.org/wiki/Property:P40,famille,FAMILLE,baronne Houtart,,,,,,,,,description des fonds,https://search.arch.be/fr/producteurs-darchives/resultats/?text=eac-BE-A0500_007556&inLanguageCode=FRE&view=eac&format=xml
description des fonds,Fichier producteur EAC,Henry Carton de Wiart,lié à,http://purl.org/vocab/relationship/acquaintanceOf,lié à,relations,RELATIONS,famille Navez,parente de la famille Carton de Wiart,,,,,,,,description des fonds,https://search.arch.be/fr/producteurs-darchives/resultats/?text=eac-BE-A0500_007556&inLanguageCode=FRE&view=eac&format=xml
description des fonds,Fichier producteur EAC,Henry Carton de Wiart,frère,http://dbpedia.org/ontology/sibling,https://www.wikidata.org/wiki/Property:P3373,famille,FAMILLE,Edmond Carton de Wiart,"comte, Secrétaire du Roi Léopold II",,,,,,,,description des fonds,https://search.arch.be/fr/producteurs-darchives/resultats/?text=eac-BE-A0500_007556&inLanguageCode=FRE&view=eac&format=xml
description des fonds,Fichier producteur EAC,Henry Carton de Wiart,lié à,http://purl.org/vocab/relationship/acquaintanceOf,lié à,relations,RELATIONS,Albert Ier ,correspondance,,,,,,,,description des fonds,https://search.arch.be/fr/producteurs-darchives/resultats/?text=eac-BE-A0500_007556&inLanguageCode=FRE&view=eac&format=xml
description des fonds,Fichier producteur EAC,Henry Carton de Wiart,lié à,http://purl.org/vocab/relationship/acquaintanceOf,lié à,relations,RELATIONS,Maurice Barrès,correspondance,,,,,,,,description des fonds,https://search.arch.be/fr/producteurs-darchives/resultats/?text=eac-BE-A0500_007556&inLanguageCode=FRE&view=eac&format=xml
description des fonds,Fichier producteur EAC,Henry Carton de Wiart,lié à,http://purl.org/vocab/relationship/acquaintanceOf,lié à,relations,RELATIONS,Auguste Beernaert ,correspondance,,,,,,,,description des fonds,https://search.arch.be/fr/producteurs-darchives/resultats/?text=eac-BE-A0500_007556&inLanguageCode=FRE&view=eac&format=xml
description des fonds,Fichier producteur EAC,Henry Carton de Wiart,lié à,http://purl.org/vocab/relationship/acquaintanceOf,lié à,relations,RELATIONS,Eugène Beyens,correspondance,,,,,,,,description des fonds,https://search.arch.be/fr/producteurs-darchives/resultats/?text=eac-BE-A0500_007556&inLanguageCode=FRE&view=eac&format=xml
description des fonds,Fichier producteur EAC,Henry Carton de Wiart,lié à,http://purl.org/vocab/relationship/acquaintanceOf,lié à,relations,RELATIONS,Charles de Broqueville,correspondance,,,,,,,,description des fonds,https://search.arch.be/fr/producteurs-darchives/resultats/?text=eac-BE-A0500_007556&inLanguageCode=FRE&view=eac&format=xml
description des fonds,Fichier producteur EAC,Henry Carton de Wiart,lié à,http://purl.org/vocab/relationship/acquaintanceOf,lié à,relations,RELATIONS,Paul Claudel,correspondance,,,,,,,,description des fonds,https://search.arch.be/fr/producteurs-darchives/resultats/?text=eac-BE-A0500_007556&inLanguageCode=FRE&view=eac&format=xml
description des fonds,Fichier producteur EAC,Henry Carton de Wiart,lié à,http://purl.org/vocab/relationship/acquaintanceOf,lié à,relations,RELATIONS,Jules Destré,correspondance,,,,,,,,description des fonds,https://search.arch.be/fr/producteurs-darchives/resultats/?text=eac-BE-A0500_007556&inLanguageCode=FRE&view=eac&format=xml
description des fonds,Fichier producteur EAC,Henry Carton de Wiart,lié à,http://purl.org/vocab/relationship/acquaintanceOf,lié à,relations,RELATIONS,Olivier-Georges Destrée,correspondance,,,,,,,,description des fonds,https://search.arch.be/fr/producteurs-darchives/resultats/?text=eac-BE-A0500_007556&inLanguageCode=FRE&view=eac&format=xml
description des fonds,Fichier producteur EAC,Henry Carton de Wiart,lié à,http://purl.org/vocab/relationship/acquaintanceOf,lié à,relations,RELATIONS,Adrien de Gerlache,correspondance,,,,,,,,description des fonds,https://search.arch.be/fr/producteurs-darchives/resultats/?text=eac-BE-A0500_007556&inLanguageCode=FRE&view=eac&format=xml
description des fonds,Fichier producteur EAC,Henry Carton de Wiart,lié à,http://purl.org/vocab/relationship/acquaintanceOf,lié à,relations,RELATIONS,Paul-Emile Janson,correspondance,,,,,,,,description des fonds,https://search.arch.be/fr/producteurs-darchives/resultats/?text=eac-BE-A0500_007556&inLanguageCode=FRE&view=eac&format=xml
description des fonds,Fichier producteur EAC,Henry Carton de Wiart,lié à,http://purl.org/vocab/relationship/acquaintanceOf,lié à,relations,RELATIONS,Henri Jaspar,correspondance,,,,,,,,description des fonds,https://search.arch.be/fr/producteurs-darchives/resultats/?text=eac-BE-A0500_007556&inLanguageCode=FRE&view=eac&format=xml
description des fonds,Fichier producteur EAC,Henry Carton de Wiart,lié à,http://purl.org/vocab/relationship/acquaintanceOf,lié à,relations,RELATIONS,Godefroid Kurth,correspondance,,,,,,,,description des fonds,https://search.arch.be/fr/producteurs-darchives/resultats/?text=eac-BE-A0500_007556&inLanguageCode=FRE&view=eac&format=xml
description des fonds,Fichier producteur EAC,Henry Carton de Wiart,lié à,http://purl.org/vocab/relationship/acquaintanceOf,lié à,relations,RELATIONS,Louis de Lichtervelde,correspondance,,,,,,,,description des fonds,https://search.arch.be/fr/producteurs-darchives/resultats/?text=eac-BE-A0500_007556&inLanguageCode=FRE&view=eac&format=xml
description des fonds,Fichier producteur EAC,Henry Carton de Wiart,lié à,http://purl.org/vocab/relationship/acquaintanceOf,lié à,relations,RELATIONS,Maurice Maeterlinck,correspondance,,,,,,,,description des fonds,https://search.arch.be/fr/producteurs-darchives/resultats/?text=eac-BE-A0500_007556&inLanguageCode=FRE&view=eac&format=xml
description des fonds,Fichier producteur EAC,Henry Carton de Wiart,lié à,http://purl.org/vocab/relationship/acquaintanceOf,lié à,relations,RELATIONS,Octave Maus,correspondance,,,,,,,,description des fonds,https://search.arch.be/fr/producteurs-darchives/resultats/?text=eac-BE-A0500_007556&inLanguageCode=FRE&view=eac&format=xml
description des fonds,Fichier producteur EAC,Henry Carton de Wiart,lié à,http://purl.org/vocab/relationship/acquaintanceOf,lié à,relations,RELATIONS,Cardinal Désiré Mercier,correspondance,,,,,,,,description des fonds,https://search.arch.be/fr/producteurs-darchives/resultats/?text=eac-BE-A0500_007556&inLanguageCode=FRE&view=eac&format=xml
description des fonds,Fichier producteur EAC,Henry Carton de Wiart,lié à,http://purl.org/vocab/relationship/acquaintanceOf,lié à,relations,RELATIONS,Edmond Picard,correspondance,,,,,,,,description des fonds,https://search.arch.be/fr/producteurs-darchives/resultats/?text=eac-BE-A0500_007556&inLanguageCode=FRE&view=eac&format=xml
description des fonds,Fichier producteur EAC,Henry Carton de Wiart,lié à,http://purl.org/vocab/relationship/acquaintanceOf,lié à,relations,RELATIONS,Jules Van den Heuvel,correspondance,,,,,,,,description des fonds,https://search.arch.be/fr/producteurs-darchives/resultats/?text=eac-BE-A0500_007556&inLanguageCode=FRE&view=eac&format=xml
description des fonds,Fichier producteur EAC,Henry Carton de Wiart,lié à,http://purl.org/vocab/relationship/acquaintanceOf,lié à,relations,RELATIONS,Emile Vandervelde,correspondance,,,,,,,,description des fonds,https://search.arch.be/fr/producteurs-darchives/resultats/?text=eac-BE-A0500_007556&inLanguageCode=FRE&view=eac&format=xml
description des fonds,Fichier producteur EAC,Henry Carton de Wiart,lié à,http://purl.org/vocab/relationship/acquaintanceOf,lié à,relations,RELATIONS,Emile Verhaeren,correspondance,,,,,,,,description des fonds,https://search.arch.be/fr/producteurs-darchives/resultats/?text=eac-BE-A0500_007556&inLanguageCode=FRE&view=eac&format=xml
description des fonds,Fichier producteur EAC,Henry Carton de Wiart,lié à,http://purl.org/vocab/relationship/acquaintanceOf,lié à,relations,RELATIONS,Louis Wodon,correspondance,,,,,,,,description des fonds,https://search.arch.be/fr/producteurs-darchives/resultats/?text=eac-BE-A0500_007556&inLanguageCode=FRE&view=eac&format=xml
description des fonds,Fichier producteur EAC,Henry Carton de Wiart,lié à,http://purl.org/vocab/relationship/acquaintanceOf,lié à,relations,RELATIONS,Adrien Carton de Wiart,correspondance,,,,,,,,description des fonds,https://search.arch.be/fr/producteurs-darchives/resultats/?text=eac-BE-A0500_007556&inLanguageCode=FRE&view=eac&format=xml
description des fonds,Fichier producteur EAC,Henry Carton de Wiart,lié à,http://purl.org/vocab/relationship/acquaintanceOf,lié à,relations,RELATIONS,Famille Aerts,familles alliées,,,,,,,,description des fonds,https://search.arch.be/fr/producteurs-darchives/resultats/?text=eac-BE-A0500_007556&inLanguageCode=FRE&view=eac&format=xml
description des fonds,Fichier producteur EAC,Henry Carton de Wiart,lié à,http://purl.org/vocab/relationship/acquaintanceOf,lié à,relations,RELATIONS,Famille Pangaerts,familles alliées,,,,,,,,description des fonds,https://search.arch.be/fr/producteurs-darchives/resultats/?text=eac-BE-A0500_007556&inLanguageCode=FRE&view=eac&format=xml
description des fonds,Fichier producteur EAC,Henry Carton de Wiart,lié à,http://purl.org/vocab/relationship/acquaintanceOf,lié à,relations,RELATIONS,Famille De Cock,familles alliées,,,,,,,,description des fonds,https://search.arch.be/fr/producteurs-darchives/resultats/?text=eac-BE-A0500_007556&inLanguageCode=FRE&view=eac&format=xml
description des fonds,Fichier producteur EAC,Henry Carton de Wiart,lié à,http://purl.org/vocab/relationship/acquaintanceOf,lié à,relations,RELATIONS,Famille Van den Elsken,familles alliées,,,,,,,,description des fonds,https://search.arch.be/fr/producteurs-darchives/resultats/?text=eac-BE-A0500_007556&inLanguageCode=FRE&view=eac&format=xml
description des fonds,Fichier producteur EAC,Henry Carton de Wiart,lié à,http://purl.org/vocab/relationship/acquaintanceOf,lié à,relations,RELATIONS,Famille de Mauroy,familles alliées,,,,,,,,description des fonds,https://search.arch.be/fr/producteurs-darchives/resultats/?text=eac-BE-A0500_007556&inLanguageCode=FRE&view=eac&format=xml
description des fonds,Fichier producteur EAC,Henry Carton de Wiart,lié à,http://purl.org/vocab/relationship/acquaintanceOf,lié à,relations,RELATIONS,Famille Verhaegen,familles alliées,,,,,,,,description des fonds,https://search.arch.be/fr/producteurs-darchives/resultats/?text=eac-BE-A0500_007556&inLanguageCode=FRE&view=eac&format=xml
description des fonds,Fichier producteur EAC,Henry Carton de Wiart,lié à,http://purl.org/vocab/relationship/acquaintanceOf,lié à,relations,RELATIONS,Famille de Clippele,familles alliées,,,,,,,,description des fonds,https://search.arch.be/fr/producteurs-darchives/resultats/?text=eac-BE-A0500_007556&inLanguageCode=FRE&view=eac&format=xml
description des fonds,Fichier producteur EAC,Henry Carton de Wiart,lié à,http://purl.org/vocab/relationship/acquaintanceOf,lié à,relations,RELATIONS,Famille de Bournonville,familles alliées,,,,,,,,description des fonds,https://search.arch.be/fr/producteurs-darchives/resultats/?text=eac-BE-A0500_007556&inLanguageCode=FRE&view=eac&format=xml
,"AGR, Inventaire 2e versement ",Henry Carton de Wiart,né le,né le,https://www.wikidata.org/prop/direct/P569,infos de base,DATES,31/01/1869,,,,,,,,,,"AGR, Inventaire 2e versement "
,"AGR, Inventaire 2e versement ",Henry Carton de Wiart,né à,http://dbpedia.org/ontology/birthPlace,https://www.wikidata.org/wiki/Property:P19,infos de base,LOCALISATION,Bruxelles,,,,,,,,,,"AGR, Inventaire 2e versement "
,"AGR, Inventaire 2e versement ",Henry Carton de Wiart,fils de,fils de,https://www.wikidata.org/wiki/Property:P22,famille,FAMILLE,Benjamin Constant Riégo,"avocat, 1825-1895",,,,,,,,,"AGR, Inventaire 2e versement "
,"AGR, Inventaire 2e versement ",Henry Carton de Wiart,fils de,fils de,https://www.wikidata.org/wiki/Property:P25,famille,FAMILLE,Marie Clémence Jeanne Cammaerts,1844-1925,,,,,,,,,"AGR, Inventaire 2e versement "
,"AGR, Inventaire 2e versement ",Henry Carton de Wiart,a étudié à,a étudié à,https://www.wikidata.org/wiki/Property:P69,études/profession,LOCALISATION,Collège des Jésuites à Alost,,,,,,,,,,"AGR, Inventaire 2e versement "
,"AGR, Inventaire 2e versement ",Henry Carton de Wiart,a étudié à,a étudié à,https://www.wikidata.org/wiki/Property:P69,études/profession,LOCALISATION,Collège Saint-Michel,,,,,,,,,,"AGR, Inventaire 2e versement "
,"AGR, Inventaire 2e versement ",Henry Carton de Wiart,a étudié à,a étudié à,https://www.wikidata.org/wiki/Property:P69,études/profession,LOCALISATION,Université libre de Bruxelles,,,,,,,,,,"AGR, Inventaire 2e versement "
,"AGR, Inventaire 2e versement ",Henry Carton de Wiart,a étudié,a étudié,https://www.wikidata.org/wiki/Property:P812,études/profession,études/profession,droit,,,,,,,,,,"AGR, Inventaire 2e versement "
,"AGR, Inventaire 2e versement ",Henry Carton de Wiart,degré académique,est,https://www.wikidata.org/wiki/Property:P512,études/profession,études/profession,docteur en droit,1890,,,,,,,,,"AGR, Inventaire 2e versement "
,"AGR, Inventaire 2e versement ",Henry Carton de Wiart,barreau,a étudié ? membre ?,a étudié ? membre ?,études/profession,études/profession,barreau,,,,,,,,,,"AGR, Inventaire 2e versement "
,"AGR, Inventaire 2e versement ",Henry Carton de Wiart,profession,profession,https://www.wikidata.org/wiki/Property:P106,études/profession,études/profession,avocat,bureaux Chaussée de Charleroi à Bruxelles,,,,,,,,,"AGR, Inventaire 2e versement "
,"AGR, Inventaire 2e versement ",Henry Carton de Wiart,fonction politique,fonction politique,https://www.wikidata.org/wiki/Property:P39,politique,politique,conseiller communal à st-gilles,,1895,1911,,,,,,,"AGR, Inventaire 2e versement "
,"AGR, Inventaire 2e versement ",Henry Carton de Wiart,fonction politique,fonction politique,https://www.wikidata.org/wiki/Property:P39,politique,politique,député bruxellois,,July 1896,1951,,,,,,,"AGR, Inventaire 2e versement "
,"AGR, Inventaire 2e versement ",Henry Carton de Wiart,fonction politique,fonction politique,https://www.wikidata.org/wiki/Property:P39,politique,politique,secrétaire Chambre des représentants,,1900-07-01T00:00:00Z,1911-06-01T00:00:00Z,,,,,,,"AGR, Inventaire 2e versement "
,"AGR, Inventaire 2e versement ",Henry Carton de Wiart,fonction politique,fonction politique,https://www.wikidata.org/wiki/Property:P39,politique,politique,ministre de la Justice,gouvernement de Charles de Broqueville,1911-06-17T00:00:00Z,1918-11-01T00:00:00Z,,,,,,,"AGR, Inventaire 2e versement "
,"AGR, Inventaire 2e versement ",Henry Carton de Wiart,membre,membre,https://www.wikidata.org/wiki/Property:P39,politique,AFFILIATIONS,gouvernement de Charles de Broqueville,,1911-06-17T00:00:00Z,1918-11-01T00:00:00Z,,,,,,,"AGR, Inventaire 2e versement "
,"AGR, Inventaire 2e versement ",Henry Carton de Wiart,créateur,http://schema.org/creator,https://www.wikidata.org/wiki/Property:P170,créateur,PRODUCTION,loi du 12 mai 1912 sur la protection de l'enfance,dite loi Carton de Wiart,1912-05-12T00:00:00Z,,,,,,,,"AGR, Inventaire 2e versement "
,"AGR, Inventaire 2e versement ",Henry Carton de Wiart,exilé,est,est,?,?,exilé,au Havre avec le gouvernement,première GM,,,,,,,,"AGR, Inventaire 2e versement "
,"AGR, Inventaire 2e versement ",Henry Carton de Wiart,titre honorifique,http://schema.org/award,https://www.wikidata.org/wiki/Property:P166,titres honorifiques,TITRES HONORIFIQUES,Ministre d'Etat,,1918-11-21T00:00:00Z,,,,,,,,"AGR, Inventaire 2e versement "
,"AGR, Inventaire 2e versement ",Henry Carton de Wiart,fonction politique,fonction politique,https://www.wikidata.org/wiki/Property:P39,politique,politique,ministre plénipotentiaire,à la Haye,1919,,,,,,,,"AGR, Inventaire 2e versement "
,"AGR, Inventaire 2e versement ",Henry Carton de Wiart,fonction politique,fonction politique,https://www.wikidata.org/wiki/Property:P39,politique,politique,Premier ministre,"gouvernement d'union nationale, 2ème révision constitution",1920-11-20T00:00:00Z,1921-12-16T00:00:00Z,,,,,,,"AGR, Inventaire 2e versement "
,"AGR, Inventaire 2e versement ",Henry Carton de Wiart,fonction politique,fonction politique,https://www.wikidata.org/wiki/Property:P39,politique,politique,ministre de l'intérieur,,1920-11-20T00:00:00Z,1921-12-16T00:00:00Z,,,,,,,"AGR, Inventaire 2e versement "
,"AGR, Inventaire 2e versement ",Henry Carton de Wiart,titre honorifique,titre honorifique,https://www.wikidata.org/wiki/Property:P97,titres honorifiques,TITRES HONORIFIQUES,comte,titre conféré par Albert Ier,1921-11-14T00:00:00Z,,,,,,,,"AGR, Inventaire 2e versement "
?,"AGR, Inventaire 2e versement ",Henry Carton de Wiart,militant/partisan,est,est,politique,politique,partisan reprise du Congo par le Belgique,,,,,,,,,?,"AGR, Inventaire 2e versement "
?,"AGR, Inventaire 2e versement ",Henry Carton de Wiart,voyage,voyage,voyage,?,?,Congo (Colonie),avec son fils ,1922-07-01T00:00:00Z,1922-11-01T00:00:00Z,,,,,,?,"AGR, Inventaire 2e versement "
,"AGR, Inventaire 2e versement ",Henry Carton de Wiart,père de,http://dbpedia.org/ontology/child,https://www.wikidata.org/wiki/Property:P40,famille,FAMILLE,Xavier,,,,,,,,,,"AGR, Inventaire 2e versement "
,"AGR, Inventaire 2e versement ",Henry Carton de Wiart,fonction politique,fonction politique,https://www.wikidata.org/wiki/Property:P39,politique,politique,"Ministre du Travail, des Affaires sociales et de l'Hygiène",gouvernement de charles de broqueville,1932,1934,,,,,,,"AGR, Inventaire 2e versement "
,"AGR, Inventaire 2e versement ",Henry Carton de Wiart,membre,membre,https://www.wikidata.org/wiki/Property:P39,politique,AFFILIATIONS,gouvernement de charles de broqueville,,1932,1934,,,,,,,"AGR, Inventaire 2e versement "
,"AGR, Inventaire 2e versement ",Henry Carton de Wiart,fonction politique,fonction politique,https://www.wikidata.org/wiki/Property:P39,politique,politique,délégué permanent de la Belgique auprès de la Société des Nation,,,,,,,,,,"AGR, Inventaire 2e versement "
,"AGR, Inventaire 2e versement ",Henry Carton de Wiart,fonction politique,fonction politique,https://www.wikidata.org/wiki/Property:P39,politique,politique,préside le Conseil supérieur de l'Union économique ,avec le grand-duché du Luxembourg,1934,,,,,,,,"AGR, Inventaire 2e versement "
,"AGR, Inventaire 2e versement ",Henry Carton de Wiart,fonction politique,fonction politique,https://www.wikidata.org/wiki/Property:P39,politique,politique,membre du conseil interpalementaire de Berlin,,1928,,,,,,,,"AGR, Inventaire 2e versement "
,"AGR, Inventaire 2e versement ",Henry Carton de Wiart,fonction politique,fonction politique,https://www.wikidata.org/wiki/Property:P39,politique,politique,président du conseil interparlementaire de Berlin,,1934,1947,,,,,,,"AGR, Inventaire 2e versement "
,"AGR, Inventaire 2e versement ",Henry Carton de Wiart,titre honorifique,http://schema.org/award,https://www.wikidata.org/wiki/Property:P166,titres honorifiques,TITRES HONORIFIQUES,président d'honneur à vie du Conseil interparlementaire de Berlin,à la réunion d'Istanbul,1934,,,,,,,,"AGR, Inventaire 2e versement "
?,"AGR, Inventaire 2e versement ",Henry Carton de Wiart,exilé,exil,exil,?,?,accompagne' (?) gouvernement belge à Poitiers pendant 2e GM,,1940-05-01T00:00:00Z,,,,,,,?,"AGR, Inventaire 2e versement "
?,"AGR, Inventaire 2e versement ",Henry Carton de Wiart,otage,otage,otage,?,?,attentat contre l'Occupant,,été 1944,,,,,,,?,"AGR, Inventaire 2e versement "
?,"AGR, Inventaire 2e versement ",Henry Carton de Wiart,prisonnier,prisonnier,prisonnier,?,?,prison de Louvain,,été 1944,,,,,,,?,"AGR, Inventaire 2e versement "
,"AGR, Inventaire 2e versement ",Henry Carton de Wiart,fonction politique,fonction politique,https://www.wikidata.org/wiki/Property:P39,politique,politique,ministre sans portefeuille,"chargé des questions de coordination économique et de reconstruction, gouvenerment de Gaston Eyskens",1949-08-01T00:00:00Z,1950-06-01T00:00:00Z,,,,,,,"AGR, Inventaire 2e versement "
,"AGR, Inventaire 2e versement ",Henry Carton de Wiart,membre,membre,https://www.wikidata.org/wiki/Property:P39,politique,AFFILIATIONS,gouvernement de Gaston Eyskens,,,,,,,,,,"AGR, Inventaire 2e versement "
"deux fois ministre de la Justice, important de faire distinction","AGR, Inventaire 2e versement ",Henry Carton de Wiart,fonction politique,fonction politique,https://www.wikidata.org/wiki/Property:P39,politique,politique,ministre de la Justice,gouvernement de transition de Jean Duvieusart,1950-06-08T00:00:00Z,1950-08-15T00:00:00Z,,,,,,"deux fois ministre de la Justice, important de faire distinction","AGR, Inventaire 2e versement "
,"AGR, Inventaire 2e versement ",Henry Carton de Wiart,fonction politique,fonction politique,?,politique,politique,gouvernement de transition de Jean Duvieusart,,1950-06-08T00:00:00Z,1950-08-15T00:00:00Z,,,,,,,"AGR, Inventaire 2e versement "
?,"AGR, Inventaire 2e versement ",Henry Carton de Wiart,militant/partisan,partisan,partisan,politique,politique,roi Léopold III durant la Question Royale,,,,,,,,,?,"AGR, Inventaire 2e versement "
,"AGR, Inventaire 2e versement ",Henry Carton de Wiart,profession,profession,https://www.wikidata.org/wiki/Property:P106,études/profession,études/profession,écrivain,"romans historiques, ouvrages autobiographiques",,,,,,,,,"AGR, Inventaire 2e versement "
co-fondateur,"AGR, Inventaire 2e versement ",Henry Carton de Wiart,créateur,http://schema.org/creator,https://www.wikidata.org/wiki/Property:P170,créateur,PRODUCTION,Durendal,revue artistique et littéraire,,,,,,,,co-fondateur,"AGR, Inventaire 2e versement "
,"AGR, Inventaire 2e versement ",Henry Carton de Wiart,membre de,membre,https://www.wikidata.org/wiki/Property:P463,?,AFFILIATIONS,Académie royale de la langue et de littérature françaises de Belgique,,1920,1951-05-06T00:00:00Z,,,,,,,"AGR, Inventaire 2e versement "
,"AGR, Inventaire 2e versement ",Henry Carton de Wiart,créateur,http://schema.org/creator,https://www.wikidata.org/wiki/Property:P170,créateur,PRODUCTION,La Cité ardente,surnom liège,,,,,,,,,"AGR, Inventaire 2e versement "
,"AGR, Inventaire 2e versement ",Henry Carton de Wiart,lié à,http://purl.org/vocab/relationship/acquaintanceOf,lié à,relations,RELATIONS,Chanoine Bondroit,,,,,,,,,,"AGR, Inventaire 2e versement "
,"AGR, Inventaire 2e versement ",Henry Carton de Wiart,lié à,http://purl.org/vocab/relationship/acquaintanceOf,lié à,relations,RELATIONS,Mallinger,,,,,,,,,,"AGR, Inventaire 2e versement "
co-fondateur,"AGR, Inventaire 2e versement ",Henry Carton de Wiart,créateur,http://schema.org/creator,https://www.wikidata.org/wiki/Property:P170,créateur,PRODUCTION,La société d'Art à l'école et au foyer,aujourd'hui 'ASBL Juliette et Henry Carton de Wiart',,,,,,,,co-fondateur,"AGR, Inventaire 2e versement "
,"AGR, Inventaire 2e versement ",Henry Carton de Wiart,est,est,https://www.wikidata.org/wiki/Property:P97,titres honorifiques,TITRES HONORIFIQUES,noble,,,,,,,,,,"AGR, Inventaire 2e versement "
,"AGR, Inventaire 2e versement ",Henry Carton de Wiart,origine,origine,https://www.wikidata.org/wiki/Property:P66,infos de base,infos de base,hennuyère,(du Hainaut),,,,,,,,,"AGR, Inventaire 2e versement "
!,"AGR, Inventaire 2e versement ",Henry Carton de Wiart,époux de,époux de,https://www.wikidata.org/wiki/Property:P26,famille,FAMILLE,Juliette Verhaegen,"résistante, faite prisonnière, etc. beaucoup d'infos complémentaires sur elle...",1827 / 1873 ?,1955,,,,,,!,"AGR, Inventaire 2e versement "
cf. longueur nom complet,"AGR, Inventaire 2e versement ",Henry Carton de Wiart,père de,http://dbpedia.org/ontology/child,https://www.wikidata.org/wiki/Property:P40,famille,FAMILLE,Xavier Carton de Wiart,nom complet : François-Xavier Riego Georges Arthur Marie Ghislain Carton de Wiart + beaucoup d'infos complémentaires...,10/09/1899,1955,,,,,,cf. longueur nom complet,"AGR, Inventaire 2e versement "
,"AGR, Inventaire 2e versement ",Henry Carton de Wiart,beau-père de,http://www.w3.org/2006/vcard/ns#Kin,https://www.wikidata.org/wiki/Property:P1038,famille,FAMILLE,Georgine van Wassenhove,femme de Xavier,1906,1997,,,,,,,"AGR, Inventaire 2e versement "
,"AGR, Inventaire 2e versement ",Henry Carton de Wiart,frère,http://dbpedia.org/ontology/sibling,https://www.wikidata.org/wiki/Property:P3373,famille,FAMILLE,Edmond Carton de Wiart,"Secrétaire du roi Léopold II, grand Maréchal de la Cour sous le roi Baudouin, professeur de finances, etc. ",,,,,,,,,"AGR, Inventaire 2e versement "
,"AGR, Inventaire 2e versement ",Henry Carton de Wiart,mariage,http://schema.org/spouse,https://www.wikidata.org/wiki/Property:P26,famille,FAMILLE,1897,Juliette Verhaegen,,,,,,,,,"AGR, Inventaire 2e versement "
,"AGR, Inventaire 2e versement ",Henry Carton de Wiart,nombre d'enfants,http://dbpedia.org/ontology/child,https://www.wikidata.org/wiki/Property:P1971,famille,FAMILLE,7 enfants,,,,,,,,,,"AGR, Inventaire 2e versement "
,"AGR, Inventaire 2e versement ",Henry Carton de Wiart,membre,membre,https://www.wikidata.org/wiki/Property:P39,?,AFFILIATIONS,Institut de France,élection ,1931,,,,,,,,"AGR, Inventaire 2e versement "
,"AGR, Inventaire 2e versement ",Henry Carton de Wiart,grand-père,grand-père,https://www.wikidata.org/wiki/Property:P1038,famille,FAMILLE,Françoise Carton de Wiart,"enfant de Xavier + députée bruxelloise, conseillère communale à Etterbeek, etc.",1947,,,,,,,,"AGR, Inventaire 2e versement "
,"AGR, Inventaire 2e versement ",Henry Carton de Wiart,grand-père,grand-père,https://www.wikidata.org/wiki/Property:P1038,famille,FAMILLE,Anne Carton de Wiart,enfant de Xavier,1928,,,,,,,,"AGR, Inventaire 2e versement "
,"AGR, Inventaire 2e versement ",Henry Carton de Wiart,grand-père,grand-père,https://www.wikidata.org/wiki/Property:P1038,famille,FAMILLE,Henry-Gilles Carton de Wiart,enfant de Xavier,1933,2015,,,,,,,"AGR, Inventaire 2e versement "
,"AGR, Inventaire 2e versement ",Henry Carton de Wiart,grand-père,grand-père,https://www.wikidata.org/wiki/Property:P1038,famille,FAMILLE,Claude-Astrid,enfant de Xavier,1935,2007,,,,,,,"AGR, Inventaire 2e versement "
,"AGR, Inventaire 2e versement ",Henry Carton de Wiart,grand-père,grand-père,https://www.wikidata.org/wiki/Property:P1038,famille,FAMILLE,René-Michel,enfant de Xavier,1939,1940,,,,,,,"AGR, Inventaire 2e versement "
,"AGR, Inventaire 2e versement ",Henry Carton de Wiart,créateur,http://schema.org/creator,https://www.wikidata.org/wiki/Property:P170,créateur,PRODUCTION,Mes vacances au Congo,,1923,,,,,,,,"AGR, Inventaire 2e versement "
,"AGR, Inventaire 2e versement ",Henry Carton de Wiart,père de,http://dbpedia.org/ontology/child,https://www.wikidata.org/wiki/Property:P40,famille,FAMILLE,Hubert,"diplomate, ambassadeur et aventurier",1901,1963,,,,,,,"AGR, Inventaire 2e versement "
,"AGR, Inventaire 2e versement ",Henry Carton de Wiart,cousin,http://www.w3.org/2006/vcard/ns#Kin,https://www.wikidata.org/wiki/Property:P1038,famille,FAMILLE,Adrian Carton de Wiart,"anglais, lieutenant-général dans l'armée britannique, héros de guerre",,,,,,,,,"AGR, Inventaire 2e versement "
,"AGR, Inventaire 2e versement ",Henry Carton de Wiart,frère,http://dbpedia.org/ontology/sibling,https://www.wikidata.org/wiki/Property:P3373,famille,FAMILLE,Maurice,"chanoine, bras-droit de l'archevêque de Westminster",,,,,,,,,"AGR, Inventaire 2e versement "
,"AGR, Inventaire 2e versement ",Henry Carton de Wiart,petit-cousin,http://www.w3.org/2006/vcard/ns#Kin,https://www.wikidata.org/wiki/Property:P1038,famille,FAMILLE,Etienne Carton de Wiart,évêque de Tournai,,,,,,,,,"AGR, Inventaire 2e versement "
jusqu'à quell niveau de l'inventaire faut-il descendre... ?! seulement biographie ou description des fonds ?,"AGR, Inventaire 2e versement ",Henry Carton de Wiart,lié à,http://purl.org/vocab/relationship/acquaintanceOf,lié à,relations,RELATIONS,Famille van Wassenhove,,,,,,,,,jusqu'à quell niveau de l'inventaire faut-il descendre... ?! seulement biographie ou description des fonds ?,"AGR, Inventaire 2e versement "
,PDF Biographie nationale,Henry Carton de Wiart,nom complet,http://www.loc.gov/standards/mads/rdf/v1.html#authoritativeLabel,nom complet,infos de base,APPELLATION,"Henry-Victor-Marie-Ghislain, comte",,,,,,,,,,PDF Biographie nationale
,PDF Biographie nationale,Henry Carton de Wiart,profession,profession,https://www.wikidata.org/wiki/Property:P106,études/profession,études/profession,avocat,,,,,,,,,,PDF Biographie nationale
,PDF Biographie nationale,Henry Carton de Wiart,degré académique,est,https://www.wikidata.org/wiki/Property:P512,études/profession,études/profession,docteur en droit,,,,,,,,,,PDF Biographie nationale
,PDF Biographie nationale,Henry Carton de Wiart,titre honorifique,http://schema.org/award,https://www.wikidata.org/wiki/Property:P166,titres honorifiques,TITRES HONORIFIQUES,ministre d'Etat,,,,,,,,,,PDF Biographie nationale
,PDF Biographie nationale,Henry Carton de Wiart,fonction politique,fonction politique,https://www.wikidata.org/wiki/Property:P39,politique,politique,Premier Ministre,,,,,,,,,,PDF Biographie nationale
,PDF Biographie nationale,Henry Carton de Wiart,fonction politique,fonction politique,https://www.wikidata.org/wiki/Property:P39,politique,politique,ministre de la Justice,,,,,,,,,,PDF Biographie nationale
,PDF Biographie nationale,Henry Carton de Wiart,fonction politique,fonction politique,https://www.wikidata.org/wiki/Property:P39,politique,politique,ministre du Travail,,,,,,,,,,PDF Biographie nationale
,PDF Biographie nationale,Henry Carton de Wiart,fonction politique,fonction politique,https://www.wikidata.org/wiki/Property:P39,politique,politique,ministre de la prévoyance sociale et de l'Hygiène,,,,,,,,,,PDF Biographie nationale
,PDF Biographie nationale,Henry Carton de Wiart,fonction politique,fonction politique,https://www.wikidata.org/wiki/Property:P39,politique,politique,membre de la Chambre des représentants,,,,,,,,,,PDF Biographie nationale
,PDF Biographie nationale,Henry Carton de Wiart,profession,profession,https://www.wikidata.org/wiki/Property:P106,études/profession,études/profession,écrivain,,,,,,,,,,PDF Biographie nationale
,PDF Biographie nationale,Henry Carton de Wiart,né le,né le,https://www.wikidata.org/prop/direct/P569,infos de base,DATES,31/01/1869,,,,,,,,,,PDF Biographie nationale
,PDF Biographie nationale,Henry Carton de Wiart,né à,http://dbpedia.org/ontology/birthPlace,https://www.wikidata.org/wiki/Property:P19,infos de base,LOCALISATION,Bruxelles,,,,,,,,,,PDF Biographie nationale
,PDF Biographie nationale,Henry Carton de Wiart,mort le,http://dbpedia.org/ontology/deathDate,https://www.wikidata.org/prop/direct/P570,infos de base,DATES,1951-05-06T00:00:00Z,,,,,,,,,,PDF Biographie nationale
,PDF Biographie nationale,Henry Carton de Wiart,mort à,http://dbpedia.org/ontology/deathPlace,https://www.wikidata.org/prop/direct/P20,infos de base,LOCALISATION,Uccle,,,,,,,,,,PDF Biographie nationale
,PDF Biographie nationale,Henry Carton de Wiart,fils de,fils de,https://www.wikidata.org/wiki/Property:P22,famille,FAMILLE,Diégo-Benjamin-Constant Carton de Wiart,,,,,,,,,,PDF Biographie nationale
,PDF Biographie nationale,Henry Carton de Wiart,fils de,fils de,https://www.wikidata.org/wiki/Property:P25,famille,FAMILLE,Marie-Clméence-Jeanne Commaerts,,,,,,,,,,PDF Biographie nationale
,PDF Biographie nationale,Henry Carton de Wiart,est,est,https://www.wikidata.org/wiki/Property:P97,titres honorifiques,TITRES HONORIFIQUES,noble,,,,,,,,,,PDF Biographie nationale
,PDF Biographie nationale,Henry Carton de Wiart,origine,origine,https://www.wikidata.org/wiki/Property:P66,infos de base,infos de base,hennuyère,,,,,,,,,,PDF Biographie nationale
,PDF Biographie nationale,Henry Carton de Wiart,frère,a x frères,a x frères,famille,FAMILLE,4,aîné mort très jeune,,,,,,,,,PDF Biographie nationale
,PDF Biographie nationale,Henry Carton de Wiart,frère,http://dbpedia.org/ontology/sibling,https://www.wikidata.org/wiki/Property:P3373,famille,FAMILLE,René,"officier aux Guides, officier en Egypte, etc.",,,,,,,,,PDF Biographie nationale
,PDF Biographie nationale,Henry Carton de Wiart,frère,http://dbpedia.org/ontology/sibling,https://www.wikidata.org/wiki/Property:P3373,famille,FAMILLE,Maurice,"Monseigneur, protonotaire apostolique, vicaire général du cardinal Bourne, archevêque de Westminster",,,,,,,,,PDF Biographie nationale
,PDF Biographie nationale,Henry Carton de Wiart,frère,http://dbpedia.org/ontology/sibling,https://www.wikidata.org/wiki/Property:P3373,famille,FAMILLE,Edmond,"secrétaire de Léopold II, directeur de la Société Générale, Grand Maréchal de la Cour du roi Baudouin",,,,,,,,,PDF Biographie nationale
,PDF Biographie nationale,Henry Carton de Wiart,neveu de,neveu de,https://www.wikidata.org/wiki/Property:P1038,famille,FAMILLE,Hassan Carton de Wiart,chargé de mission aux Indes Néerlandaises sous Léopold Ier,,,,,,,,,PDF Biographie nationale
,PDF Biographie nationale,Henry Carton de Wiart,neveu de,neveu de,https://www.wikidata.org/wiki/Property:P1038,famille,FAMILLE,Adrien Carton de Wiart,co-fondateur sous Léopold Ier de la Compagnie belge de Colonisation,,,,,,,,,PDF Biographie nationale
par déduction il s'agit de Leon Constant Ghislain Carton de Wiart,PDF Biographie nationale,Henry Carton de Wiart,cousin,http://www.w3.org/2006/vcard/ns#Kin,https://www.wikidata.org/wiki/Property:P1038,famille,FAMILLE,?,bâtonnier de l'Ordre des Avocats au Caire,,,,,,,,par déduction il s'agit de Leon Constant Ghislain Carton de Wiart,PDF Biographie nationale
,PDF Biographie nationale,Henry Carton de Wiart,,,https://www.wikidata.org/wiki/Property:P1038,famille,FAMILLE,Sir Adrien Carton de Wiart,"aide de camp du roi George V, s'illsutra en 1920 durant campagne de Pologne contre les Bolcheviks + 1940 en Norvège contre les Allemands",,,,,,,,,PDF Biographie nationale
,PDF Biographie nationale,Henry Carton de Wiart,a étudié à,a étudié à,https://www.wikidata.org/wiki/Property:P69,études/profession,LOCALISATION,Collège des Jésuites d'Alost,,,,,,,,,,PDF Biographie nationale
xxxxx,PDF Biographie nationale,Henry Carton de Wiart,a étudié à,a étudié à,https://www.wikidata.org/wiki/Property:P69,études/profession,LOCALISATION,Collège Saint-Michel de Bruxelles,situé rue des Ursulines à l'époque,,,,,,,,,PDF Biographie nationale
!,PDF Biographie nationale,,a étudié,http://open.vocab.org/terms/studies,a étudié,,,philosophie,,,,,,,,,,
,PDF Biographie nationale,,a étudié à,a étudié à,https://www.wikidata.org/wiki/Property:P69,,,Institut Saint-Louis à Bruxelles,(philosophie),,,,,,,,,
,PDF Biographie nationale,,a étudié,a étudié,https://www.wikidata.org/wiki/Property:P812,,,droit,,,,,,,,,,
,PDF Biographie nationale,,a étudié à,a étudié à,https://www.wikidata.org/wiki/Property:P69,,,Université libre de Bruxelles,(droit),,,,,,,,,
!,PDF Biographie nationale,,a étudié à,a étudié à,https://www.wikidata.org/wiki/Property:P69,,,Institut Catholique de Paris,,,,,,,,,,
,PDF Biographie nationale,,a étudié à,a étudié à,https://www.wikidata.org/wiki/Property:P69,,,Ecole des Sciences politiques de Paris,,,,,,,,,,
,PDF Biographie nationale,,a étudié,"http://open.vocab.org/terms/studies

",a étudié,,,cours de médecine légale,"Paris, Professeur Bouardel",,,,,,,,,
!,PDF Biographie nationale,,lié à,http://purl.org/vocab/relationship/acquaintanceOf,lié à,,,Léon Bloy,correspondance,,,,,,,,,
,PDF Biographie nationale,,fréquente,fréquente,fréquente,,,milieux littéraires parisiens,,,,,,,,,,
!,PDF Biographie nationale,,lié à,http://purl.org/vocab/relationship/acquaintanceOf,lié à,,,Maurice Barrès,,,,,,,,,,
!,PDF Biographie nationale,,lié à,http://purl.org/vocab/relationship/acquaintanceOf,lié à,,,Barbey d'Aurevilly,,,,,,,,,,
!,PDF Biographie nationale,,lié à,http://purl.org/vocab/relationship/acquaintanceOf,lié à,,,Verlaine,,,,,,,,,,
,PDF Biographie nationale,,a étudié,"http://open.vocab.org/terms/studies

",a étudié ,,,sociologie,,,,,,,,,,
,PDF Biographie nationale,,a étudié à,a étudié à,https://www.wikidata.org/wiki/Property:P69,,,Université de Bonn,,,,,,,,,,
,PDF Biographie nationale,,barreau,fait ?,fait ?,,,Barreau de Bruxelles,"orateur étincelant, jovial, voix forte, etc.",1890,,,,,,,,
,PDF Biographie nationale,,stagiaire de,stagiaire de,https://www.wikidata.org/wiki/Property:P1066,,,Edmond Picard (avocat),,,,,,,,,,
,PDF Biographie nationale,,membre,membre,https://www.wikidata.org/wiki/Property:P39,,,Conférence du Jeune Barreau,"secrétaire, puis président",,,,,,,,,
,PDF Biographie nationale,,membre,membre,https://www.wikidata.org/wiki/Property:P39,,,Conseil de l'Ordre,,1907,,,,,,,,
,PDF Biographie nationale,,collaborateur,http://schema.org/contributor,https://www.wikidata.org/wiki/Property:P767,,,publications juridiques,par exemple Le Journal des Tribunaux,,,,,,,,,
,PDF Biographie nationale,,profession,profession,https://www.wikidata.org/wiki/Property:P106,,,avocat,,,,,,,,,,
,PDF Biographie nationale,,membre,membre,https://www.wikidata.org/wiki/Property:P39,,,président de la Fédération des Avocats de Belgique,,,,,,,,,,
,PDF Biographie nationale,,marié avec,http://schema.org/spouse,https://www.wikidata.org/wiki/Property:P26,,,Juliette Verhaegen,"nièce du ministre Jules de Burlet, arrière petite-fille de Théodore Verhaegen ",1897,,,,,,,,
?,PDF Biographie nationale,,fréquente,fréquente,fréquente,,,salons bruxellois de Mesdames Errera et de Lantsheere,,,,,,,,,,
,PDF Biographie nationale,,fréquente,fréquente,fréquente,,,Madame Errera,salon bruxellois,,,,,,,,,
,PDF Biographie nationale,,fréquente,fréquente,fréquente,,,Madame de Lantsheere,salon bruxellois,,,,,,,,,
,PDF Biographie nationale,,lié à,http://purl.org/vocab/relationship/acquaintanceOf,lié à,,,Père Rutten,,,,,,,,,,
,PDF Biographie nationale,,lié à,http://purl.org/vocab/relationship/acquaintanceOf,lié à,,,Vandervelde,leader socialiste,,,,,,,,,
,PDF Biographie nationale,,lié à,http://purl.org/vocab/relationship/colleagueOf,lié à,,,Paul Hymans,juriste libéral,,,,,,,,,
,PDF Biographie nationale,,lié à,http://purl.org/vocab/relationship/colleagueOf,lié à,,,Paul Janson,juriste libéral,,,,,,,,,
,PDF Biographie nationale,,collaborateur,http://schema.org/contributor,https://www.wikidata.org/wiki/Property:P767,,,Journal de Bruxelles,écrit articles,,,,,,,,,
!,PDF Biographie nationale,,militant/partisan,militant,militant,,,mouvement ouvrier chrétien,"avec Jules Renkin, Léon de Lantsheere",,,,,,,,,
,PDF Biographie nationale,,lié à,http://purl.org/vocab/relationship/acquaintanceOf,lié à,,,Jules Renkin,,,,,,,,,,
,PDF Biographie nationale,,lié à,http://purl.org/vocab/relationship/acquaintanceOf,lié à,,,Léon de Lantshere,,,,,,,,,,
!,PDF Biographie nationale,,membre,membre,https://www.wikidata.org/wiki/Property:P39,,,groupe Maison des Ouvriers,,,,,,,,,,
,PDF Biographie nationale,,participe/membre,participe,https://www.wikidata.org/wiki/Property:P102,,,mouvement démocrate chrétien,après promulgation de l'encyclique Rerum Novarum ,1891,,,,,,,,
,PDF Biographie nationale,,créateur,http://schema.org/creator,https://www.wikidata.org/wiki/Property:P170,,,L'Avenir Social,,1895,,,,,,,,
,PDF Biographie nationale,,créateur,http://schema.org/creator,https://www.wikidata.org/wiki/Property:P170,,,La Justice Sociale,,1896,,,,,,,,
,PDF Biographie nationale,,militant/partisan,militant,militant,,,luttes sociales,,,,,,,,,,
,PDF Biographie nationale,,fonction politique,fonction politique,https://www.wikidata.org/wiki/Property:P39,,,conseiller communal à St-Gilles,,1895,,,,,,,,
,PDF Biographie nationale,,membre,membre,https://www.wikidata.org/wiki/Property:P39,,,Chambre des représentants,,12/07/1896,,,,,,,,
,PDF Biographie nationale,,fonction politique,fonction politique,https://www.wikidata.org/wiki/Property:P39,,,député ,"débats sur les ASBL, sociétés anonymes, repos dominical, allocs, service militaire, etc.",06/05/1951,,,,,,,,
,PDF Biographie nationale,,militant/partisan,militant,militant,,,question du Congo,"prise de parole marquante en faveur de la reprise du Congo, cf. détails p.167-168...",01/03/1906,20/08/1908,,,,,,,
,PDF Biographie nationale,,lié à,http://purl.org/vocab/relationship/acquaintanceOf,lié à,,,maréchal Liauthey,,,,,,,,,,
,PDF Biographie nationale,,créateur,http://schema.org/creator,https://www.wikidata.org/wiki/Property:P170,,,loi sur la protection de l'enfance du 15 mai 1912,"secondé par son épouse, ...",,,,,,,,,
,PDF Biographie nationale,,voyage,voyage,voyage,,,Etats-Unis,Conférence Interparlementaire,1904,,,,,,,,
,PDF Biographie nationale,,fonction politique,fonction politique,https://www.wikidata.org/wiki/Property:P39,,,Secrétaire de la Chambre des représentants,,1902,1911,,,,,,,
,PDF Biographie nationale,,fonction politique,fonction politique,https://www.wikidata.org/wiki/Property:P39,,,membre,gouvernement belge,,,,,,,,,
"plein de détails, style 'fait voter une loi interdisant le travail de nuit aux femmes employées dans l'industrie (10 août 1911)' -> encore une fois, question de la granularité...",PDF Biographie nationale,,fonction politique,fonction politique,https://www.wikidata.org/wiki/Property:P39,,,ministre de la Justice,"dans le cabinet du baron de Broqueville, à Bruxelles puis au Havre, cf. détail sur ses actions p. 169",17/06/1911,21/11/1918,,,,,,,
,PDF Biographie nationale,,fonction politique,fonction politique,https://www.wikidata.org/wiki/Property:P39,,,membre,Cabinet du baron de Broqueville,,,,,,,,,
,PDF Biographie nationale,,titre honorifique,http://schema.org/award,https://www.wikidata.org/wiki/Property:P166,,,félicité par le roi Albert pour loi sur protection enfance,,16/05/1912,,,,,,,,
,PDF Biographie nationale,,titre honorifique ?,titre honorifique ?,https://www.wikidata.org/wiki/Property:P166,,,Prix Carton de Wiart,pour commémorer loi sur protection enfance (prix attribué à des anciens délinquants reclassés),,,,,,,,,
,PDF Biographie nationale,,créateur,http://schema.org/creator,https://www.wikidata.org/wiki/Property:P170,,,minute' de réponse à l'ultimatum allemand,réunion du Gouverment au Palais royal,02/08/1914,,,,,,,,
,PDF Biographie nationale,,fonction politique,fonction politique,?,,,mission extraordinaire aux USA," concerne situation Belgique dans la guerre, part avec ministres d'Etat Hymans et Vandervelde",29/08/1914,30/09/1914,,,,,,,
est-ce pertinent ?,PDF Biographie nationale,,lié à,http://purl.org/vocab/relationship/hasMet,lié à,,,Président Wilson,rencontre dans le cadre de la mission extraordinaire de 1914,15/09/1914,,,,,,,,
,PDF Biographie nationale,,exilé,exilé,exilé,,,au Havre,"s'occupe des réfugiés belges, combattants en permissions, ravitaillement des prisonniers belges en Allemagne, propagande belge dans les pays alliés ou neutres",,,,,,,,,
,PDF Biographie nationale,,fonction politique,fonction politique,?,,,mission en Italie,afin de resserrer les liens / rapports économiques,juin 1918,,,,,,,,
?,PDF Biographie nationale,,lié à,http://purl.org/vocab/relationship/hasMet,lié à,,,roi Victor Emmanuel III,reçu par  (pendant mission en Italie),,,,,,,,,
?,PDF Biographie nationale,,lié à,http://purl.org/vocab/relationship/hasMet,lié à,,,Pape Benoît XV,reçu par (pendant mission en Italie),,,,,,,,,
,PDF Biographie nationale,,membre,membre,https://www.wikidata.org/wiki/Property:P39,,,Gouvernement Cooreman,,,,,,,,,,
?,PDF Biographie nationale,,fonction politique,fonction politique,https://www.wikidata.org/wiki/Property:P39,,,ministre démissionnaire,,14 novembre 1918,,,,,,,,
,PDF Biographie nationale,,titre honorifique,http://schema.org/award,https://www.wikidata.org/wiki/Property:P166,,,ministre d'Etat,,21/11/1918,,,,,,,,
,PDF Biographie nationale,,fonction politique,fonction politique,https://www.wikidata.org/wiki/Property:P39,,,premier vice-président de la Chambre,,1919,,,,,,,,
?,PDF Biographie nationale,,fonction politique,fonction politique,?,,,mission de représentation à La Haye,représente la Belgique sur demande du Roi,mars 1919,,,,,,,,
,PDF Biographie nationale,,fonction politique,fonction politique,https://www.wikidata.org/wiki/Property:P39,,,premier ministre,"sur demande du roi Albert Ier, fait voter révision Constitution",01/11/1920,,,,,,,,
,PDF Biographie nationale,,fonction politique,fonction politique,https://www.wikidata.org/wiki/Property:P39,,,Premier Ministre démissionnaire,démision du Cabinet,04/12/1921,,,,,,,,
,PDF Biographie nationale,,titre honorifique,titre honorifique,https://www.wikidata.org/wiki/Property:P97,,,Comte,titre concédé par le roi Albert Ier,14/11/1921,,,,,,,,
,PDF Biographie nationale,,créateur,http://schema.org/creator,https://www.wikidata.org/wiki/Property:P170,,,loi sur la prévention à l'avortement et la propagande anticonceptionnelle,,,,,,,,,,
,PDF Biographie nationale,,créateur,http://schema.org/creator,https://www.wikidata.org/wiki/Property:P170,,,loi sur l'abandon de famille,,,,,,,,,,
,PDF Biographie nationale,,créateur,http://schema.org/creator,https://www.wikidata.org/wiki/Property:P170,,,loi sur la protection des monuments et paysages,,,,,,,,,,
,PDF Biographie nationale,,créateur,http://schema.org/creator,https://www.wikidata.org/wiki/Property:P170,,,loi instaurant les allocations familiales,,,,,,,,,,
,PDF Biographie nationale,,membre,membre,https://www.wikidata.org/wiki/Property:P39,,,président de la Fédération des Avocats de Belgique,,,,,,,,,,
,PDF Biographie nationale,,voyage,voyage,voyage,,,Congo,4 mois,juin 1922,,,,,,,,
,PDF Biographie nationale,,titre honorifique,http://schema.org/award,https://www.wikidata.org/wiki/Property:P166,,,docteur honoris causa,par l'Université de Strasbourg,,,,,,,,,
,PDF Biographie nationale,Grandes Conférences catholiques,co-fondé par,co-fondateur,https://www.wikidata.org/wiki/Property:P112,,,Henry Carton de Wiart,souhait du cardinal Mercier,,,,,,,,,
,PDF Biographie nationale,,membre,membre,https://www.wikidata.org/wiki/Property:P39,,,délégué permanent de la Belgique à la Société des Nations,arrêt royal du 10 janvier 1934,10 janvier 1934,,,,,,,,
,PDF Biographie nationale,,fonction politique,fonction politique,https://www.wikidata.org/wiki/Property:P39,,,"préside conférences internationales à Genève, dont Conférence de 1925 sur le trafic des armes, des munitions et armements",,,,,,,,,,
,PDF Biographie nationale,,membre,membre,https://www.wikidata.org/wiki/Property:P39,,,Conseil interparlementaire de Berlin,,1928,,,,,,,,
,PDF Biographie nationale,,membre,membre,https://www.wikidata.org/wiki/Property:P39,,,Président Conseil interparlementaire de Berlin,,1934,1947,,,,,,,
,PDF Biographie nationale,,membre,membre,https://www.wikidata.org/wiki/Property:P39,,,second cabinet du comte de Broqueville,,,,,,,,,,
,PDF Biographie nationale,,fonction politique,fonction politique,https://www.wikidata.org/wiki/Property:P39,,,"Ministre du Travail, de la Prévoyance sociale et de l'Hygiène",,décembre 1932,janvier 1934,,,,,,,
,PDF Biographie nationale,,fonction politique,fonction politique,https://www.wikidata.org/wiki/Property:P39,,,délégué permanent de la Belgique à Genève,,,,,,,,,,
,PDF Biographie nationale,,membre de,membre,https://www.wikidata.org/wiki/Property:P463,,,Académie royale de Belgique,,,,,,,,,,
"! différent de ""l'Académie royale""",PDF Biographie nationale,,membre de,membre,https://www.wikidata.org/wiki/Property:P463,,,Académie royale de langue et de littérature françaises,,,,,,,,,,
,PDF Biographie nationale,,membre,membre,https://www.wikidata.org/wiki/Property:P39,,,Institut de France,reprend fauteuil du roi Albert à son décès,,,,,,,,,
,PDF Biographie nationale,,membre de,membre ,https://www.wikidata.org/wiki/Property:P463,,,Académie de Montpellier,,,,,,,,,,
,PDF Biographie nationale,,membre de,membre,https://www.wikidata.org/wiki/Property:P463,,,Académie de Rouen,,,,,,,,,,
,PDF Biographie nationale,,membre de,membre,https://www.wikidata.org/wiki/Property:P463,,,Académie de Toulouse,,,,,,,,,,
,PDF Biographie nationale,,membre de,membre,https://www.wikidata.org/wiki/Property:P463,,,Académie de Naples,,,,,,,,,,
,PDF Biographie nationale,,membre de,membre,https://www.wikidata.org/wiki/Property:P463,,,Académie de Coimbre (? illisible),,,,,,,,,,
,PDF Biographie nationale,,titre honorifique,http://schema.org/award,https://www.wikidata.org/wiki/Property:P166,,,docteur honoris causa Université de Louvain,,,,,,,,,,
,PDF Biographie nationale,,titre honorifique,http://schema.org/award,https://www.wikidata.org/wiki/Property:P166,,,docteur honoris causa Université de Strasbourg,,,,,,,,,,
,PDF Biographie nationale,,membre,membre,https://www.wikidata.org/wiki/Property:P39,,,président de l'Association internationale de Droit pénal,,,,,,,,,,
,PDF Biographie nationale,,fonction politique,fonction politique,?,,,associé au gouvernement de Pierlot ,cf. p. 174,13/05/1940,,,,,,,,
,PDF Biographie nationale,,membre,membre,https://www.wikidata.org/wiki/Property:P102,,,parti catholique,,,,,,,,,,
,PDF Biographie nationale,,exilé,exilé,exilé,,,Havre,avec ministres,,,,,,,,,
,PDF Biographie nationale,,exilé,exilé,exilé,,,Poitiers,avec gouvernement belge,,,,,,,,,
? ...,PDF Biographie nationale,,fonction politique,fonction politique,?,,,participe réunion des parlementaires belges à Limoges,27.05.1940,,,,,,,,,
,PDF Biographie nationale,,militant/partisan,militant,militant,,,participation active à la Question royale,plaide la cause du Roi dans de nombreux meetings,après la Libération,,,,,,,,
,PDF Biographie nationale,,fonction politique,fonction politique,https://www.wikidata.org/wiki/Property:P39,,,membre,gouvernement Duvieusart,,,,,,,,,
,PDF Biographie nationale,,fonction politique,fonction politique,https://www.wikidata.org/wiki/Property:P39,,,ministre de la Justice,gouvernement Duvieusart,04/06/1950,11/08/1950,,,,,,,
?,PDF Biographie nationale,,fonction politique,fonction politique,?,,,participe à la demande de délégation des pouvoirs royaux au prince Baudouin,,août 1950,,,,,,,,
,PDF Biographie nationale,,mort le,http://dbpedia.org/ontology/deathDate,https://www.wikidata.org/prop/direct/P570,,,06/05/1951,,,,,,,,,,
,PDF Biographie nationale,,mort à ,http://dbpedia.org/ontology/deathPlace,https://www.wikidata.org/prop/direct/P20,,,Uccle,Clinique des Deux Alice,,,,,,,,,
,PDF Biographie nationale,,titre honorifique,http://schema.org/award,https://www.wikidata.org/wiki/Property:P166,,,Grand Cordon de l'Ordre de Léopold,,,,,,,,,,
,PDF Biographie nationale,,titre honorifique,http://schema.org/award,https://www.wikidata.org/wiki/Property:P166,,,Grand Cordon des Saints Maurice et Lazare,,,,,,,,,,
,PDF Biographie nationale,,titre honorifique,http://schema.org/award,https://www.wikidata.org/wiki/Property:P166,,,Grande Croix de la Légion d'Honneur,,,,,,,,,,
,PDF Biographie nationale,,créateur ,http://schema.org/creator,https://www.wikidata.org/wiki/Property:P170,,,Les Contes hétéroclites,,1892,,,,,,,,
,PDF Biographie nationale,,créateur ,http://schema.org/creator,https://www.wikidata.org/wiki/Property:P170,,,La Cité ardente,,1905,,,,,,,,
,PDF Biographie nationale,,créateur ,http://schema.org/creator,https://www.wikidata.org/wiki/Property:P170,,,Terres de Débat,,1941,,,,,,,,
,PDF Biographie nationale,,créateur ,http://schema.org/creator,https://www.wikidata.org/wiki/Property:P170,,,Les Vertus bourgeoises,,1910,,,,,,,,
!,PDF Biographie nationale,,créateur ,http://schema.org/creator,https://www.wikidata.org/wiki/Property:P170,,,Les Cariatides,édition saisie par l'occupant germanique,1940,1945,,,,,,,
,PDF Biographie nationale,,créateur ,http://schema.org/creator,https://www.wikidata.org/wiki/Property:P170,,,Bourrasque 48,,1945,,,,,,,,
,PDF Biographie nationale,,créateur ,http://schema.org/creator,https://www.wikidata.org/wiki/Property:P170,,,Bernaaert et son temps,,1945,,,,,,,,
,PDF Biographie nationale,,créateur ,http://schema.org/creator,https://www.wikidata.org/wiki/Property:P170,,,Marguerite d'Autriche,,1935,,,,,,,,
,PDF Biographie nationale,,fondateur,fondateur,https://www.wikidata.org/wiki/Property:P170,,,Prix littéraire Carton de Wiart,"remis tous les 10 ans par l'Académie royale de langue et de littérature françaises, mise en lumière histoire nationale belge",,,,,,,,,
,PDF Biographie nationale,,créateur ,http://schema.org/creator,https://www.wikidata.org/wiki/Property:P170,,,Les Chroniques de la guerre froide,,1950,,,,,,,,
,PDF Biographie nationale,,créateur ,http://schema.org/creator,https://www.wikidata.org/wiki/Property:P170,,,Souvenirs politiques,2 tomes,1947,1981,,,,,,,
,PDF Biographie nationale,,créateur ,http://schema.org/creator,https://www.wikidata.org/wiki/Property:P170,,,Mes Vacances au Congo,,1923,,,,,,,,
,PDF Biographie nationale,,créateur ,http://schema.org/creator,https://www.wikidata.org/wiki/Property:P170,,,Mes Vacances au Brésil,,1928,,,,,,,,
"ici on parle de l'humour caractéristique de HCDW, son style, etc. ce qui ne transparaît pas du tout dans des triplets. Idem pour son style politique, sa prestance, son charisme, etc.",PDF Biographie nationale,,créateur ,?,?,,,travaux de sociologie ,?,,,,,,,,,
